{
 "category": "Modules",
 "charts": [],
 "creation": "2022-03-15 16:19:58.840864",
 "developer_mode_only": 0,
 "disable_user_customization": 0,
 "docstatus": 0,
 "doctype": "Workspace",
 "extends": "Accounting",
 "extends_another_page": 1,
 "hide_custom": 0,
 "idx": 0,
 "is_default": 0,
 "is_standard": 1,
 "label": "PAV Accounting",
 "links": [
  {
   "hidden": 0,
   "is_query_report": 0,
   "label": "Reports",
   "link_type": "DocType",
   "onboard": 0,
   "type": "Card Break"
  },
  {
   "hidden": 0,
   "is_query_report": 1,
   "label": "Trial Balance for Party in Party Currency",
   "link_to": "Trial Balance for Party in Party Currency",
   "link_type": "Report",
   "onboard": 0,
   "type": "Link"
  },
  {
   "hidden": 0,
   "is_query_report": 1,
   "label": "Custom Trial Balance 01",
   "link_to": "Custom Trial Balance 01",
   "link_type": "Report",
   "onboard": 0,
   "type": "Link"
  },
  {
   "hidden": 0,
   "is_query_report": 1,
   "label": "Custom General Ledger 01",
   "link_to": "Custom General Ledger 01",
   "link_type": "Report",
   "onboard": 0,
   "type": "Link"
  },
  {
   "hidden": 0,
   "is_query_report": 1,
   "label": "Custom Budget Variance Report 01",
   "link_to": "Custom Budget Variance Report 01",
   "link_type": "Report",
   "onboard": 0,
   "type": "Link"
  },
  {
   "hidden": 0,
   "is_query_report": 1,
   "label": "Custom Accounting Dimension Balance 01",
   "link_to": "Custom Accounting Dimension Balance 01",
   "link_type": "Report",
   "onboard": 0,
   "type": "Link"
  }
 ],
 "modified": "2022-03-15 16:21:31.347430",
 "modified_by": "Administrator",
 "module": "PAV",
 "name": "PAV Accounting",
 "owner": "Administrator",
 "pin_to_bottom": 0,
 "pin_to_top": 0,
 "shortcuts": []
}