{
 "add_total_row": 1,
 "creation": "2021-07-18 09:14:15.423670",
 "disable_prepared_report": 0,
 "disabled": 0,
 "docstatus": 0,
 "doctype": "Report",
 "idx": 0,
 "is_standard": "Yes",
 "letter_head": "Standard",
 "modified": "2021-07-25 15:15:39.987111",
 "modified_by": "Administrator",
 "module": "PAV SDF",
 "name": "Salary Register Report",
 "owner": "Administrator",
 "prepared_report": 0,
 "ref_doctype": "Salary Slip",
 "report_name": "Salary Register Report",
 "report_type": "Script Report",
 "roles": []
}