{
 "actions": [],
 "creation": "2020-08-29 20:16:33.174948",
 "doctype": "DocType",
 "editable_grid": 1,
 "engine": "InnoDB",
 "field_order": [
  "employee",
  "employee_name",
  "designation",
  "cost_center",
  "project_percentage",
  "status"
 ],
 "fields": [
  {
   "columns": 2,
   "fieldname": "employee",
   "fieldtype": "Link",
   "in_list_view": 1,
   "label": "Employee",
   "options": "Employee"
  },
  {
   "columns": 1,
   "fieldname": "project_percentage",
   "fieldtype": "Percent",
   "in_list_view": 1,
   "label": "Project Percentage"
  },
  {
   "columns": 1,
   "fieldname": "status",
   "fieldtype": "Select",
   "in_list_view": 1,
   "label": "Status",
   "options": "Active\nInactive"
  },
  {
   "columns": 2,
   "fetch_from": "employee.employee_name",
   "fieldname": "employee_name",
   "fieldtype": "Data",
   "in_list_view": 1,
   "label": "Employee Name",
   "read_only": 1
  },
  {
   "columns": 2,
   "fetch_from": "employee.designation",
   "fieldname": "designation",
   "fieldtype": "Link",
   "in_list_view": 1,
   "label": "Designation",
   "options": "Designation",
   "read_only": 1
  },
  {
   "columns": 2,
   "fetch_from": "employee.branch",
   "fieldname": "cost_center",
   "fieldtype": "Link",
   "in_list_view": 1,
   "label": "Branch",
   "options": "Branch",
   "read_only": 1
  }
 ],
 "istable": 1,
 "links": [],
 "modified": "2022-01-13 06:04:24.268408",
 "modified_by": "Administrator",
 "module": "PAV",
 "name": "Project Activity Payroll",
 "owner": "Administrator",
 "permissions": [],
 "quick_entry": 1,
 "sort_field": "modified",
 "sort_order": "DESC",
 "track_changes": 1
}