{
 "autoname": "hash",
 "creation": "2021-07-12 01:08:49.336616",
 "doctype": "DocType",
 "document_type": "Setup",
 "editable_grid": 1,
 "engine": "InnoDB",
 "field_order": [
  "default_account",
  "account_currency",
  "col_break1",
  "remarks",
  "section_break_6",
  "amount",
  "account_amount",
  "base_amount",
  "column_break_8",
  "accounting_dimensions_section",
  "cost_center",
  "dimension_col_break",
  "project"
 ],
 "fields": [
  {
   "fetch_from": "account_head.account_currency",
   "fieldname": "account_currency",
   "fieldtype": "Link",
   "label": "Account Currency",
   "options": "Currency"
  },
  {
   "fieldname": "col_break1",
   "fieldtype": "Column Break"
  },
  {
   "fieldname": "section_break_6",
   "fieldtype": "Section Break"
  },
  {
   "fieldname": "column_break_8",
   "fieldtype": "Column Break"
  },
  {
   "fieldname": "accounting_dimensions_section",
   "fieldtype": "Section Break",
   "label": "Accounting Dimensions"
  },
  {
   "default": ":Company",
   "fieldname": "cost_center",
   "fieldtype": "Link",
   "label": "Cost Center",
   "oldfieldname": "cost_center",
   "oldfieldtype": "Link",
   "options": "Cost Center"
  },
  {
   "fieldname": "dimension_col_break",
   "fieldtype": "Column Break"
  },
  {
   "fieldname": "project",
   "fieldtype": "Link",
   "label": "Project",
   "options": "Project"
  },
  {
   "columns": 2,
   "fieldname": "default_account",
   "fieldtype": "Link",
   "in_list_view": 1,
   "label": "Account Head",
   "oldfieldname": "account_head",
   "oldfieldtype": "Link",
   "options": "Account",
   "reqd": 1
  },
  {
   "fieldname": "amount",
   "fieldtype": "Currency",
   "in_list_view": 1,
   "label": "Tax Amount",
   "options": "currency",
   "reqd": 1
  },
  {
   "fieldname": "account_amount",
   "fieldtype": "Currency",
   "label": "Account Tax Amount",
   "options": "account_currency",
   "read_only": 1
  },
  {
   "columns": 2,
   "fieldname": "base_amount",
   "fieldtype": "Currency",
   "in_list_view": 1,
   "label": "Base Tax Amount",
   "oldfieldname": "tax_amount",
   "oldfieldtype": "Currency",
   "options": "Company:company:default_currency",
   "read_only": 1
  },
  {
   "fieldname": "remarks",
   "fieldtype": "Small Text",
   "in_list_view": 1,
   "label": "Remarks",
   "oldfieldname": "description",
   "oldfieldtype": "Small Text",
   "print_width": "300px",
   "reqd": 1,
   "width": "300px"
  }
 ],
 "istable": 1,
 "modified": "2021-07-12 01:48:00.283050",
 "modified_by": "Administrator",
 "module": "PAV",
 "name": "Expense Entry Taxes and Charges",
 "owner": "Administrator",
 "permissions": [],
 "sort_field": "modified",
 "sort_order": "ASC",
 "track_changes": 1
}